{"version":"1.126.0","results":[],"errors":[],"paths":{"scanned":["generate_html.py","scan.py"]},"time":{"rules":[],"rules_parse_time":0.0027451515197753906,"profiling_times":{"config_time":0.1672964096069336,"core_time":0.3390328884124756,"ignores_time":5.793571472167969e-05,"total_time":0.5068275928497314},"targets":[],"total_bytes":0,"max_memory_bytes":66987008},"skipped_rules":[]}
